Population	a	b	c	d	e	f	g	h	j	k	l	m
BR01_0	72	81	100	114	0	120	122	141	187	180	232	259
BR01_1	72	91	100	114	0	120	122	141	187	180	232	259
BR02_0	72	81	100	110	0	120	120	141	187	180	232	250
BR02_1	72	81	100	114	0	120	120	141	187	180	232	256
BR04_0	72	81	100	114	0	120	120	141	187	180	232	250
BR04_1	72	81	100	114	0	120	122	141	187	180	232	256
BR05_0	72	81	100	114	120	120	120	141	187	180	232	250
BR05_1	72	85	100	114	120	120	122	141	187	180	232	256
BR06_0	72	81	100	114	0	120	122	141	187	180	232	256
BR06_1	72	91	100	114	0	120	122	141	187	180	232	259
BR07_0	72	81	100	114	0	120	120	141	158	180	232	259
BR07_1	72	81	100	114	0	120	122	141	187	180	232	259
BR08_0	72	91	100	110	0	120	120	141	187	180	232	259
BR08_1	72	91	100	114	0	120	120	141	187	180	232	259
BR10_0	72	85	100	114	0	120	122	141	187	180	232	256
BR10_1	72	91	100	114	0	120	122	141	187	180	232	259
BR11_0	72	81	100	110	0	120	122	141	187	180	232	250
BR11_1	72	81	100	114	0	120	122	141	187	180	232	256
BR12_0	72	91	100	110	0	120	120	141	187	180	232	250
BR12_1	72	91	100	114	0	120	120	141	187	180	232	259
BR13_0	72	81	100	114	0	120	120	141	158	180	232	256
BR13_1	72	81	100	114	0	120	122	141	158	180	232	256
BR14_0	72	85	100	0	0	120	122	141	158	180	232	259
BR14_1	72	85	100	0	0	120	122	141	187	180	232	259
BR15_0	72	81	100	114	0	120	120	141	187	180	0	250
BR15_1	72	91	100	114	0	120	122	141	187	180	0	259
BR16_0	72	91	100	114	0	120	122	141	158	180	232	250
BR16_1	72	91	100	114	0	120	122	141	158	180	232	259
BR17_0	72	81	100	110	0	120	122	141	158	180	232	0
BR17_1	72	81	100	110	0	120	122	141	187	180	232	0
BR18_0	72	81	100	114	0	120	120	141	158	180	232	256
BR18_1	72	91	100	114	0	120	122	141	187	180	232	256
BR19_0	72	81	100	114	0	120	122	141	187	180	232	250
BR19_1	72	85	100	116	0	120	122	141	187	180	232	256
BR20_0	72	81	100	114	0	120	122	141	158	180	232	256
BR20_1	72	81	100	114	0	120	122	141	187	180	232	259
BR22_0	72	85	100	0	0	120	122	141	158	180	232	256
BR22_1	72	91	100	0	0	120	122	141	187	180	232	259
BR23_0	72	81	100	114	0	120	120	141	158	180	232	270
BR23_1	72	81	100	114	0	120	122	141	158	180	232	270
BR24_0	72	91	100	110	0	120	122	0	158	180	232	250
BR24_1	72	91	100	114	0	120	122	0	187	180	232	259
BR25_0	72	91	100	110	0	120	120	141	158	180	232	250
BR25_1	72	91	100	114	0	120	120	141	158	180	232	259
BR27_0	72	81	100	0	0	120	122	141	187	180	232	256
BR27_1	72	81	100	0	0	120	122	141	187	180	232	259
BR28_0	72	91	100	110	0	120	120	141	158	180	232	256
BR28_1	72	91	100	114	0	120	122	141	187	180	232	259
BR29_0	72	81	100	0	0	120	122	141	187	180	232	256
BR29_1	72	91	100	0	0	120	122	141	187	180	232	256
BR30_0	72	81	100	110	0	120	122	141	158	180	232	259
BR30_1	72	93	100	114	0	120	122	141	187	180	232	259
BR31_0	72	85	100	114	0	120	120	141	187	180	232	259
BR31_1	72	91	100	120	0	120	122	141	187	180	232	259
BR32_0	72	91	100	110	0	120	120	141	158	180	232	250
BR32_1	72	91	100	110	0	120	122	141	158	180	232	250
BR33_0	72	81	100	114	0	120	120	141	158	180	232	256
BR33_1	72	81	100	114	0	120	122	141	158	180	232	256
BR35_0	72	81	100	110	0	120	122	141	187	180	235	258
BR35_1	72	91	100	114	0	120	122	141	187	180	235	258
BR36_0	72	91	100	114	0	120	122	141	158	180	232	256
BR36_1	72	91	100	114	0	120	122	141	187	180	232	256
BR38_0	72	81	100	0	0	120	122	141	158	180	232	256
BR38_1	72	85	100	0	0	120	122	141	187	180	232	256
BR39_0	72	91	100	114	0	120	122	141	158	174	232	259
BR39_1	72	91	100	116	0	120	122	141	187	180	232	259
BR40_0	72	81	100	0	0	120	122	141	187	180	232	250
BR40_1	72	91	100	0	0	120	122	141	187	180	232	256
US02_0	72	91	100	0	0	120	120	141	187	177	232	256
US02_1	72	91	100	0	0	120	122	141	187	180	232	256
US03_0	72	81	100	114	0	120	122	141	187	180	232	256
US03_1	72	91	100	118	0	120	122	141	187	180	232	256
US04_0	72	91	100	0	0	120	122	141	158	177	232	256
US04_1	72	91	100	0	0	120	122	141	187	180	232	259
US05_0	72	85	100	114	0	120	122	141	187	177	232	256
US05_1	72	91	100	116	0	120	122	141	187	180	232	256
US06_0	72	81	100	116	0	120	122	141	158	177	232	256
US06_1	72	91	100	116	0	120	122	141	187	180	232	256
US07_0	72	85	100	112	0	120	122	141	187	177	232	256
US07_1	72	91	100	116	0	120	122	141	187	177	232	256
US08_0	72	85	100	114	0	120	122	141	158	180	232	250
US08_1	72	85	100	118	0	120	122	141	187	180	232	259
US09_0	72	81	100	0	0	120	122	141	187	177	232	256
US09_1	72	91	100	0	0	120	122	141	187	180	232	259
US10_0	72	85	100	110	0	120	122	141	158	180	235	256
US10_1	72	91	100	118	0	120	122	141	187	180	235	256
US12_0	72	81	100	112	0	120	122	141	187	180	232	256
US12_1	72	85	100	118	0	120	122	141	187	180	232	256
US13_0	72	85	100	0	0	120	122	141	187	180	232	259
US13_1	72	91	100	0	0	120	122	141	187	180	232	259
US16_0	72	81	100	116	0	120	122	141	187	177	232	259
US16_1	72	85	100	118	0	120	122	141	187	177	232	259
US17_0	72	85	100	118	0	120	120	141	158	180	232	256
US17_1	72	85	100	118	0	120	122	141	187	180	232	259
US18_0	72	85	100	0	0	120	122	141	158	177	232	250
US18_1	72	85	100	0	0	120	122	141	187	180	232	256
US19_0	72	85	100	118	0	120	122	141	187	180	232	256
US19_1	72	91	100	118	0	120	122	141	187	180	232	256
US20_0	72	81	100	0	0	120	122	141	187	180	232	256
US20_1	72	91	100	0	0	120	122	141	187	180	232	256
US21_0	72	85	100	114	0	120	122	141	187	180	232	256
US21_1	72	91	100	116	0	120	122	141	187	180	232	259
US22_0	72	85	100	114	0	120	122	141	158	177	235	256
US22_1	72	85	100	116	0	120	122	141	187	180	235	256
US23_0	72	81	100	0	0	120	122	141	187	180	235	256
US23_1	72	85	100	0	0	120	122	141	187	180	235	256
US24_0	72	81	100	114	0	120	122	141	158	180	232	256
US24_1	72	85	100	118	0	120	122	141	187	180	232	256
US25_0	72	85	100	114	0	120	122	141	158	180	232	256
US25_1	72	91	100	116	0	120	122	141	158	180	232	259
US26_0	71	85	100	114	0	120	122	141	187	180	232	256
US26_1	72	91	100	116	0	120	122	141	187	180	232	259
US27_0	72	91	100	117	0	120	122	141	187	180	232	250
US27_1	72	91	100	117	0	120	122	141	187	180	232	256
US28_0	72	85	100	114	0	120	120	141	187	177	232	256
US28_1	72	85	100	116	0	120	122	141	187	180	232	256
US29_0	72	91	100	116	0	120	120	141	187	177	232	256
US29_1	72	91	100	116	0	120	122	141	187	177	232	259
US30_0	72	81	100	112	0	120	122	141	187	177	232	256
US30_1	72	91	100	114	0	120	122	141	187	177	232	259
US31_0	72	85	100	0	0	120	120	141	187	177	232	259
US31_1	72	91	100	0	0	120	122	141	187	180	232	259
US34_0	72	81	100	116	0	120	122	141	187	180	235	256
US34_1	72	91	100	116	0	120	122	141	187	180	235	256
US36_0	72	85	100	0	0	120	120	141	158	177	232	256
US36_1	72	91	100	0	0	120	122	141	187	177	232	256
US37_0	72	81	100	0	0	120	120	141	187	177	235	256
US37_1	72	91	100	0	0	120	122	141	187	180	235	256
US39_0	71	85	100	112	120	120	122	141	187	177	232	256
US39_1	72	85	100	114	123	120	122	141	187	180	232	259
US40_0	71	89	100	118	0	120	122	141	187	177	232	256
US40_1	72	91	100	118	0	120	122	141	187	180	232	259
VJ01_0	72	81	100	114	0	120	120	141	158	180	232	259
VJ01_1	72	81	100	114	0	120	122	141	187	180	232	259
VJ02_0	72	81	100	118	0	120	120	141	158	180	232	256
VJ02_1	72	81	100	118	0	120	134	141	158	180	232	259
VJ03_0	72	81	100	114	0	120	122	141	187	180	232	250
VJ03_1	72	81	100	114	0	120	134	141	187	180	232	259
VJ05_0	72	81	100	112	0	120	122	141	158	180	232	256
VJ05_1	72	81	100	114	0	120	122	141	158	180	232	259
VJ06_0	72	81	100	114	117	120	120	141	154	180	232	250
VJ06_1	72	81	100	114	123	120	122	141	187	180	232	262
VJ07_0	72	81	100	112	117	120	120	141	158	180	232	259
VJ07_1	72	93	100	114	123	120	134	141	187	180	232	259
VJ08_0	72	81	100	114	117	120	122	141	158	180	232	250
VJ08_1	72	81	100	114	120	120	122	141	187	180	232	259
VJ09_0	72	81	100	114	0	120	120	141	154	180	232	0
VJ09_1	72	85	100	114	0	120	120	141	187	180	232	0
VJ10_0	72	81	100	114	0	120	120	141	158	180	232	250
VJ10_1	72	81	100	114	0	120	122	141	158	180	232	259
VJ11_0	72	81	100	114	0	120	122	141	187	180	232	253
VJ11_1	72	81	100	132	0	120	134	141	187	180	232	260
VJ12_0	72	81	100	118	0	120	120	141	158	180	232	253
VJ12_1	72	81	100	118	0	120	122	141	158	180	232	259
VJ13_0	72	81	100	114	0	120	120	141	158	180	232	259
VJ13_1	72	81	100	114	0	120	122	141	158	180	232	259
VJ15_0	72	81	100	112	120	120	122	141	187	180	232	253
VJ15_1	72	81	100	114	123	120	122	141	187	180	232	259
VJ16_0	72	81	100	114	117	120	120	141	154	180	232	259
VJ16_1	72	93	100	114	120	120	122	141	158	180	232	259
VJ17_0	72	81	100	118	0	120	120	141	158	180	232	253
VJ17_1	72	93	100	118	0	120	122	141	158	180	232	259
VJ18_0	72	81	100	114	0	120	120	141	158	180	232	259
VJ18_1	72	81	100	114	0	120	122	141	158	180	232	259
VJ19_0	72	81	100	114	0	120	122	141	158	180	232	259
VJ19_1	72	81	100	114	0	120	134	141	187	180	232	259
VJ20_0	72	81	100	114	0	120	120	141	158	180	232	259
VJ20_1	72	81	100	114	0	120	122	141	187	180	232	259
VJ21_0	72	81	100	114	0	120	120	141	158	180	232	250
VJ21_1	72	81	100	114	0	120	134	141	187	180	232	253
VJ22_0	72	81	100	114	0	120	120	141	158	180	232	256
VJ22_1	72	81	100	114	0	120	120	141	158	180	232	259
VJ23_0	72	81	100	114	0	120	120	141	158	180	232	253
VJ23_1	72	81	100	114	0	120	120	141	158	180	232	259
VJ24_0	72	81	100	114	120	120	120	141	158	180	232	253
VJ24_1	72	81	100	114	120	120	120	141	158	180	232	253
VJ26_0	72	81	100	114	0	120	122	141	158	180	232	253
VJ26_1	72	81	100	114	0	120	134	141	158	180	232	259
VJ27_0	72	81	100	114	0	120	120	141	158	180	232	250
VJ27_1	72	93	100	114	0	120	120	141	187	180	232	259
VJ28_0	72	81	100	108	0	120	120	141	158	180	232	259
VJ28_1	72	85	100	132	0	120	120	141	187	180	232	259
VJ30_0	72	81	100	114	0	120	122	141	158	180	232	253
VJ30_1	72	85	100	114	0	120	122	141	187	180	232	259
VJ31_0	72	81	100	112	0	120	120	141	187	180	232	259
VJ31_1	72	93	100	114	0	120	120	141	187	180	232	259
VJ32_0	72	81	100	114	0	120	120	141	154	180	232	259
VJ32_1	72	81	100	114	0	120	120	141	187	180	232	262
VJ33_0	72	81	100	114	0	120	122	141	158	180	232	256
VJ33_1	72	81	100	114	0	120	134	141	158	180	232	259
VJ34_0	72	81	100	112	0	120	120	141	154	180	232	250
VJ34_1	72	81	100	114	0	120	134	141	158	180	232	253
VJ35_0	72	81	100	114	0	120	122	141	154	180	232	259
VJ35_1	72	93	100	114	0	120	134	141	187	180	232	259
VJ36_0	72	81	100	114	0	120	120	141	158	180	232	253
VJ36_1	72	81	100	132	0	120	122	141	158	180	232	259
VJ37_0	72	81	100	112	0	120	122	141	158	180	232	250
VJ37_1	72	81	100	114	0	120	134	141	187	180	232	259
DR02_0	72	81	100	116	0	120	120	141	158	180	232	0
DR02_1	72	81	100	116	0	120	120	141	158	180	232	0
DR03_0	72	81	100	112	120	120	122	141	187	180	232	259
DR03_1	72	81	100	116	120	120	122	141	187	180	235	259
DR04_0	72	81	100	0	0	120	120	141	158	180	232	250
DR04_1	72	81	100	0	0	120	122	141	158	180	232	259
DR05_0	72	81	100	116	0	120	120	141	158	180	232	259
DR05_1	72	81	100	116	0	120	122	141	187	180	232	259
DR11_0	72	81	100	0	117	120	120	141	187	180	232	259
DR11_1	72	81	100	0	120	120	120	141	187	180	232	262
DR12_0	72	81	100	0	0	120	120	141	154	180	232	259
DR12_1	72	81	100	0	0	120	120	141	187	180	232	262
DR15_0	72	81	100	0	0	120	120	141	158	180	232	250
DR15_1	72	81	100	0	0	120	120	141	158	180	232	259
DR16_0	72	81	100	112	120	120	120	141	187	180	232	259
DR16_1	72	81	100	116	120	120	122	141	187	180	232	259
DR17_0	72	81	100	112	0	120	120	141	187	180	232	259
DR17_1	72	81	100	116	0	120	120	141	187	180	232	259
DR18_0	72	81	100	0	0	120	120	141	187	180	232	253
DR18_1	72	81	100	0	0	120	122	141	187	180	232	259
DR22_0	72	81	100	0	0	120	120	141	187	180	232	259
DR22_1	72	81	100	0	0	120	122	141	187	180	232	259
DR23_0	72	81	100	116	0	120	120	141	158	180	232	250
DR23_1	72	81	100	116	0	120	122	141	187	180	232	259
DR25_0	72	81	100	116	0	120	120	141	158	180	232	250
DR25_1	72	81	100	116	0	120	122	141	158	180	235	259
DR27_0	72	81	100	110	0	120	122	141	158	180	232	259
DR27_1	72	81	100	116	0	120	122	141	158	180	232	259
DR29_0	72	81	100	0	0	120	120	141	187	180	232	259
DR29_1	72	81	100	0	0	120	122	141	187	180	232	262
DR30_0	72	81	100	0	0	120	120	141	187	180	232	259
DR30_1	72	81	100	0	0	120	120	141	187	180	232	262
DR31_0	72	81	100	0	0	120	122	141	187	180	232	259
DR31_1	72	81	100	0	0	120	122	141	187	180	232	259
DR33_0	72	81	100	116	0	120	120	141	187	180	232	250
DR33_1	72	81	100	116	0	120	122	141	187	180	232	253
DR35_0	72	81	100	0	0	120	122	141	158	180	232	259
DR35_1	72	81	100	0	0	120	122	141	187	180	232	259
DR36_0	72	81	100	116	0	120	120	141	158	180	0	250
DR36_1	72	81	100	116	0	120	122	141	158	180	0	259
DR37_0	72	81	100	116	0	120	120	141	187	177	232	259
DR37_1	72	81	100	116	0	120	122	141	187	180	232	259
DR38_0	72	81	100	0	0	120	120	141	187	180	232	259
DR38_1	72	81	100	0	0	120	120	141	187	180	232	259
DR39_0	72	81	100	0	0	120	120	141	187	180	232	259
DR39_1	72	81	100	0	0	120	120	141	187	180	232	259
DR45_0	72	81	100	0	0	120	120	141	187	180	232	259
DR45_1	72	81	100	0	0	120	120	141	187	180	232	262
DR48_0	72	81	100	0	0	120	120	141	164	177	232	259
DR48_1	72	81	100	0	0	120	122	141	187	180	232	259
DR60_0	72	81	100	0	0	120	122	141	187	180	232	259
DR60_1	72	91	100	0	0	120	122	141	187	180	232	259
DR63_0	72	81	100	112	0	120	120	141	187	180	232	259
DR63_1	72	91	100	116	0	120	122	141	187	180	232	259
DR64_0	72	81	100	112	0	120	120	141	164	177	232	0
DR64_1	72	81	100	116	0	120	122	141	187	180	232	0
DR65_0	72	81	100	112	0	120	120	141	187	180	232	253
DR65_1	72	81	100	116	0	120	120	141	187	180	235	259
LU01_0	72	81	100	112	0	120	0	141	158	180	232	0
LU01_1	72	81	100	114	0	120	0	141	189	180	232	0
LU02_0	72	81	100	118	0	120	120	141	158	180	232	259
LU02_1	72	81	100	118	0	120	126	141	187	180	232	260
LU03_0	0	81	100	114	0	120	120	141	187	180	232	247
LU03_1	0	81	100	116	0	120	122	141	187	180	232	259
LU04_0	72	81	100	112	0	120	120	141	158	180	232	256
LU04_1	72	81	100	112	0	120	120	141	187	180	232	259
LU06_0	72	81	100	114	0	120	120	141	158	180	232	257
LU06_1	72	81	100	114	0	120	120	141	187	180	232	259
LU07_0	72	81	100	0	0	120	122	141	158	180	232	259
LU07_1	72	81	100	0	0	120	122	141	158	180	232	259
LU08_0	72	81	100	114	0	120	120	141	158	180	232	259
LU08_1	72	81	100	116	0	120	122	141	158	180	232	259
LU09_0	72	81	100	114	0	120	122	141	158	180	232	256
LU09_1	72	81	100	114	0	120	122	141	158	180	232	259
LU11_0	72	81	100	112	0	120	120	141	158	180	232	259
LU11_1	72	87	100	112	0	120	120	141	187	180	232	259
LU12_0	72	81	100	114	0	120	122	141	158	180	232	259
LU12_1	72	81	100	114	0	120	122	141	158	180	232	261
LU13_0	72	81	100	108	120	120	120	141	158	180	232	259
LU13_1	72	81	100	118	123	120	120	141	187	180	232	259
LU14_0	72	81	100	114	0	120	120	141	158	180	232	259
LU14_1	72	81	100	114	0	120	120	141	158	180	232	259
LU15_0	72	81	100	112	0	120	120	141	158	180	232	259
LU15_1	72	81	100	116	0	120	120	141	158	180	232	259
LU16_0	72	81	100	114	0	120	0	141	158	180	227	259
LU16_1	72	81	100	116	0	120	0	141	158	180	232	259
LU17_0	72	81	100	112	0	120	0	141	158	180	232	259
LU17_1	72	81	100	114	0	120	0	141	158	180	232	259
LU18_0	72	81	100	114	0	120	120	141	187	180	232	256
LU18_1	72	81	100	116	0	120	120	141	187	180	232	256
LU20_0	72	81	100	112	0	120	120	141	158	180	232	259
LU20_1	72	81	100	114	0	120	122	141	187	180	235	259
LU21_0	72	81	100	118	0	120	120	141	158	180	232	259
LU21_1	72	81	100	118	0	120	120	141	187	180	232	259
LU22_0	72	81	100	112	0	120	122	141	158	180	232	250
LU22_1	72	81	100	118	0	120	122	141	158	180	232	256
LU23_0	72	81	100	112	0	120	120	141	158	180	232	256
LU23_1	72	81	100	116	0	120	122	141	187	180	232	259
LU25_0	72	81	100	112	0	120	120	141	154	177	232	247
LU25_1	72	81	100	114	0	120	122	141	187	180	232	256
LU26_0	72	85	100	118	0	120	120	141	158	180	232	259
LU26_1	72	85	100	118	0	120	120	141	187	180	232	259
LU27_0	72	81	100	114	0	120	120	141	154	180	232	250
LU27_1	72	85	100	114	0	120	122	141	158	180	232	259
LU28_0	72	81	100	114	0	120	120	141	158	180	232	259
LU28_1	72	81	100	114	0	120	122	141	158	180	232	259
LU29_0	72	81	100	116	0	120	120	141	158	180	232	259
LU29_1	72	81	100	116	0	120	122	141	158	180	232	259
LU30_0	72	81	100	114	0	120	120	141	158	180	232	256
LU30_1	72	81	100	116	0	120	122	141	158	180	235	259
LU32_0	72	81	100	108	0	120	0	141	158	180	232	259
LU32_1	72	81	100	114	0	120	0	141	160	180	232	259
LU33_0	72	81	100	114	0	120	120	141	158	180	232	259
LU33_1	72	81	100	116	0	120	122	141	187	180	232	259
LU34_0	72	81	100	108	0	120	120	141	158	180	232	259
LU34_1	72	81	100	116	0	120	122	141	187	180	232	259
LU35_0	72	81	100	112	0	120	120	141	154	180	232	259
LU35_1	72	81	100	114	0	120	122	141	158	180	232	262
LU36_0	72	81	100	114	0	120	122	141	158	180	232	259
LU36_1	72	81	100	116	0	120	126	141	164	180	232	259
LU37_0	72	81	100	112	0	120	120	141	158	180	232	259
LU37_1	72	87	100	114	0	120	134	141	158	180	232	259
LU38_0	72	81	100	112	0	120	120	141	158	180	232	259
LU38_1	72	91	100	112	0	120	120	141	187	180	232	259
LU39_0	72	81	100	114	0	120	0	141	158	180	232	259
LU39_1	72	81	100	114	0	120	0	141	187	180	232	259
LU40_0	72	81	100	112	0	120	118	141	185	180	232	259
LU40_1	72	81	100	114	0	120	122	141	187	180	232	259
LU41_0	72	81	100	130	0	120	120	141	154	180	232	259
LU41_1	72	87	100	130	0	120	120	141	158	180	232	259
LU42_0	72	81	100	0	0	120	122	141	154	180	232	259
LU42_1	72	81	100	0	0	120	122	141	158	180	232	259
LU44_0	72	81	100	0	0	120	122	141	158	180	232	259
LU44_1	72	81	100	0	0	120	122	141	158	180	232	259
ES02_0	72	91	100	112	0	120	122	141	187	180	232	0
ES02_1	72	91	101	114	0	120	122	141	187	180	232	0
ES05_0	72	91	100	114	0	120	122	141	187	180	0	250
ES05_1	72	91	100	114	0	120	122	141	187	180	0	256
ES06_0	72	81	100	112	0	120	120	141	187	180	232	250
ES06_1	72	91	100	114	0	120	122	141	189	180	232	250
ES07_0	72	81	100	112	0	120	122	141	187	180	0	253
ES07_1	72	91	100	114	0	120	122	141	189	180	0	259
ES10_0	72	81	100	114	0	120	120	141	158	180	0	250
ES10_1	72	91	100	114	0	120	122	141	187	180	0	250
ES11_0	72	81	100	114	116	120	122	141	187	180	232	250
ES11_1	72	91	100	114	116	120	122	141	187	180	232	259
ES12_0	72	81	100	114	0	120	120	141	187	180	0	250
ES12_1	72	91	100	114	0	120	122	141	187	180	0	256
ES13_0	72	91	100	112	0	120	122	141	187	180	232	250
ES13_1	72	91	100	114	0	120	124	141	187	180	232	253
ES15_0	72	93	100	114	0	120	122	141	187	180	0	250
ES15_1	72	93	100	114	0	120	122	141	187	180	0	250
ES16_0	72	81	100	114	0	120	120	141	187	180	232	253
ES16_1	72	91	100	114	0	120	122	141	187	180	232	256
ES17_0	72	81	100	108	120	120	120	141	187	180	0	250
ES17_1	72	91	100	108	120	120	122	141	187	180	0	256
ES22_0	72	91	100	0	0	120	122	141	187	180	232	250
ES22_1	72	91	100	0	0	120	122	141	187	180	232	253
ES24_0	72	91	100	114	0	120	122	141	187	180	0	250
ES24_1	72	91	100	114	0	120	122	141	187	180	0	259
ES25_0	72	91	100	114	0	120	122	141	187	180	0	250
ES25_1	72	91	100	114	0	120	122	141	187	180	0	259
ES26_0	72	81	100	114	0	120	122	141	187	180	0	250
ES26_1	72	91	100	114	0	120	122	141	187	180	0	250
ES27_0	72	81	100	114	120	120	122	141	187	180	232	0
ES27_1	72	91	100	114	120	120	122	141	187	180	232	0
ES28_0	72	91	100	112	0	120	122	141	187	180	0	250
ES28_1	72	91	100	114	0	120	122	141	187	180	0	250
ES30_0	72	81	100	114	0	120	122	141	187	180	232	250
ES30_1	72	91	100	114	0	120	122	141	187	180	232	259
ES32_0	72	81	100	112	0	120	120	141	187	174	232	250
ES32_1	72	81	100	114	0	120	122	141	187	180	232	250
ES33_0	72	81	100	114	0	120	122	141	187	180	232	250
ES33_1	72	81	100	114	0	120	122	141	187	180	232	259
ES34_0	72	81	100	114	0	120	120	141	187	180	232	256
ES34_1	72	93	100	114	0	120	122	141	187	180	232	259
SJ01_0	72	85	100	114	0	120	122	141	187	174	232	250
SJ01_1	72	91	100	114	0	120	122	141	187	180	232	250
SJ02_0	72	81	100	114	0	120	122	141	187	180	232	250
SJ02_1	72	85	100	114	0	120	122	141	187	180	232	256
SJ03_0	72	85	100	114	0	120	122	141	187	174	232	250
SJ03_1	72	91	100	114	0	120	122	141	187	180	232	250
SJ04_0	72	85	100	114	0	120	122	141	187	174	232	250
SJ04_1	72	91	100	114	0	120	122	141	187	180	232	250
SJ05_0	72	81	100	114	116	120	122	141	187	180	232	250
SJ05_1	72	85	100	114	120	120	122	141	187	180	232	256
SJ06_0	72	85	100	110	0	120	122	141	187	180	232	250
SJ06_1	72	85	100	114	0	120	122	141	187	180	232	250
SJ07_0	72	81	100	114	0	120	122	141	187	180	232	250
SJ07_1	72	85	100	114	0	120	122	141	187	180	232	256
SJ08_0	72	81	100	114	0	120	122	141	187	180	232	250
SJ08_1	72	85	100	114	0	120	122	141	187	180	232	256
SJ09_0	72	81	100	114	0	120	122	141	187	180	232	250
SJ09_1	72	85	100	114	0	120	122	141	187	180	232	256
SJ10_0	72	81	100	114	0	120	122	141	187	180	232	250
SJ10_1	72	85	100	114	0	120	122	141	187	180	232	256
SJ11_0	72	85	100	114	120	120	122	141	187	174	232	250
SJ11_1	72	91	100	114	120	120	122	141	187	180	232	250
SJ12_0	72	85	100	110	0	120	122	141	187	180	232	250
SJ12_1	72	91	100	114	0	120	122	141	187	180	232	256
SJ13_0	72	81	100	0	0	120	122	141	187	180	232	250
SJ13_1	72	85	100	0	0	120	122	141	187	180	232	256
SJ14_0	72	81	100	114	0	120	122	141	187	180	232	250
SJ14_1	72	85	100	114	0	120	122	141	187	180	232	256
SJ15_0	72	81	100	0	116	120	122	141	187	180	232	250
SJ15_1	72	85	100	0	116	120	122	141	187	180	232	256
SJ16_0	72	81	100	114	0	120	122	141	187	180	232	250
SJ16_1	72	85	100	114	0	120	122	141	187	180	232	256
SJ17_0	72	81	100	110	0	120	122	141	187	174	232	250
SJ17_1	72	81	100	114	0	120	122	141	187	180	232	256
SJ18_0	72	81	100	110	0	120	122	141	187	180	232	250
SJ18_1	72	81	100	114	0	120	122	141	187	180	232	250
SJ20_0	72	81	100	114	0	120	122	141	187	180	232	250
SJ20_1	72	85	100	114	0	120	122	141	187	180	232	256
SJ21_0	72	81	100	0	116	120	122	141	187	180	232	250
SJ21_1	72	85	100	0	116	120	122	141	187	180	232	256
SJ22_0	72	85	100	0	0	120	122	141	187	174	232	250
SJ22_1	72	85	100	0	0	120	122	141	187	180	232	250
SJ23_0	72	85	100	114	0	120	122	141	187	174	232	250
SJ23_1	72	91	100	114	0	120	122	141	187	180	232	250
SJ24_0	72	85	100	114	0	120	122	141	187	174	232	250
SJ24_1	72	91	100	114	0	120	122	141	187	180	232	250
SJ26_0	72	85	100	0	0	120	122	141	187	174	232	250
SJ26_1	72	91	100	0	0	120	122	141	187	180	232	250
SJ27_0	72	81	100	114	0	120	122	141	187	180	232	250
SJ27_1	72	85	100	114	0	120	122	141	187	180	232	256
SJ30_0	72	81	100	114	0	120	122	141	187	180	232	250
SJ30_1	72	85	100	114	0	120	122	141	187	180	232	256
SJ31_0	72	81	100	0	0	120	122	141	187	174	232	250
SJ31_1	72	81	100	0	0	120	122	141	187	180	232	256
SJ32_0	72	85	100	114	0	120	122	141	187	174	232	250
SJ32_1	72	91	100	114	0	120	122	141	187	180	232	250
SJ35_0	72	85	100	114	0	120	122	141	187	174	232	250
SJ35_1	72	91	100	114	0	120	122	141	187	180	232	250
SJ36_0	72	81	100	114	0	120	122	141	187	180	232	250
SJ36_1	72	85	100	114	0	120	122	141	187	180	232	256
SJ37_0	72	85	100	0	0	120	122	141	187	174	232	250
SJ37_1	72	91	100	0	0	120	122	141	187	174	232	256
SJ39_0	72	81	100	0	0	120	122	141	187	180	232	250
SJ39_1	72	85	100	0	0	120	122	141	187	180	232	256
SJ40_0	72	81	100	114	0	120	122	141	187	180	232	250
SJ40_1	72	85	100	114	0	120	122	141	187	180	232	256
DU01_0	72	81	100	112	0	120	122	141	187	180	232	256
DU01_1	72	81	100	114	0	120	122	141	187	180	232	256
DU02_0	72	81	100	118	0	120	122	141	187	180	232	259
DU02_1	72	91	100	118	0	120	122	141	187	180	232	259
DU03_0	72	91	100	112	117	120	120	141	158	180	232	256
DU03_1	72	91	100	114	117	120	122	141	187	180	232	259
DU04_0	72	81	100	112	0	120	122	141	187	177	235	256
DU04_1	72	81	100	114	0	120	122	141	187	180	235	256
DU05_0	72	81	100	112	0	120	122	141	187	180	232	256
DU05_1	72	85	100	114	0	120	122	141	187	180	232	256
DU06_0	72	81	100	110	0	120	122	141	187	180	235	259
DU06_1	72	91	100	110	0	120	122	141	187	180	235	259
DU07_0	72	81	100	112	0	120	122	141	158	180	232	250
DU07_1	72	81	100	114	0	120	122	141	187	180	232	250
DU08_0	72	81	100	114	0	120	122	141	158	180	232	256
DU08_1	72	91	100	114	0	120	122	141	187	180	232	259
DU09_0	72	81	100	112	0	120	122	141	187	180	232	256
DU09_1	72	81	100	114	0	120	122	141	187	180	232	259
DU10_0	72	81	100	112	0	120	122	141	158	180	232	250
DU10_1	72	91	100	114	0	120	122	141	187	180	232	259
DU11_0	72	81	100	112	0	120	122	141	158	180	232	256
DU11_1	72	81	101	114	0	120	122	141	187	180	232	256
DU12_0	72	81	100	112	0	120	122	141	187	180	235	250
DU12_1	72	81	101	114	0	120	122	141	187	180	235	256
DU13_0	72	81	100	110	0	120	122	141	158	180	232	256
DU13_1	72	81	100	114	0	120	122	141	187	180	232	259
DU14_0	72	81	100	112	0	120	122	141	158	180	232	250
DU14_1	72	91	100	114	0	120	122	141	187	180	232	256
DU15_0	72	81	100	114	0	120	122	141	187	180	232	250
DU15_1	72	91	100	114	0	120	122	141	187	180	232	256
DU16_0	72	81	100	114	0	120	122	141	187	177	232	256
DU16_1	72	91	100	114	0	120	122	141	187	180	232	259
DU17_0	72	81	100	112	117	120	122	141	158	180	232	256
DU17_1	72	81	100	114	117	120	122	141	187	180	235	259
DU18_0	72	81	100	112	0	120	122	141	158	180	232	259
DU18_1	72	81	100	114	0	120	122	141	158	180	232	259
DU19_0	72	81	100	110	0	120	122	141	187	180	232	250
DU19_1	72	91	101	112	0	120	122	141	187	180	235	256
DU20_0	72	81	100	112	0	120	120	141	158	180	232	250
DU20_1	72	81	100	114	0	120	120	141	187	180	232	259
DU21_0	72	81	100	112	0	120	122	141	187	180	232	256
DU21_1	72	91	100	114	0	120	122	141	187	180	232	259
DU22_0	72	81	100	118	0	120	122	141	187	180	232	256
DU22_1	72	91	100	118	0	120	122	141	187	180	232	259
DU23_0	72	81	100	112	0	120	122	141	187	180	232	250
DU23_1	72	91	100	114	0	120	122	141	187	180	232	256
DU24_0	72	81	100	114	0	120	122	141	187	180	232	256
DU24_1	72	91	100	114	0	120	122	141	187	180	232	259
DU25_0	72	81	100	112	0	120	120	141	158	180	232	256
DU25_1	72	91	100	114	0	120	122	141	187	180	232	256
DU26_0	72	81	100	112	0	120	122	141	187	180	232	250
DU26_1	72	91	100	114	0	120	122	141	187	180	232	256
DU27_0	72	81	100	110	0	120	122	141	158	180	232	259
DU27_1	72	91	100	112	0	120	122	141	187	180	232	259
DU28_0	72	81	100	110	0	120	122	141	187	180	232	256
DU28_1	72	81	100	110	0	120	122	141	187	180	235	259
DU29_0	72	81	100	114	0	120	122	141	158	180	232	250
DU29_1	72	81	100	114	0	120	122	141	187	180	232	259
DU30_0	72	81	100	112	0	120	122	141	187	180	232	250
DU30_1	72	81	100	114	0	120	122	141	187	180	232	250
DU32_0	72	81	100	110	0	120	122	141	158	180	232	256
DU32_1	72	91	100	114	0	120	122	141	187	180	235	259
DU33_0	72	81	100	110	0	120	120	141	187	180	232	259
DU33_1	72	81	100	112	0	120	122	141	187	180	232	259
DU34_0	72	81	100	112	0	120	122	141	187	180	232	256
DU34_1	72	81	100	112	0	120	122	141	187	180	232	256
DU35_0	72	81	100	112	0	120	120	141	187	180	232	256
DU35_1	72	81	101	114	0	120	122	141	187	180	232	259
DU36_0	72	85	100	114	0	120	122	141	187	180	232	250
DU36_1	72	91	100	114	0	120	122	141	187	180	232	259
DU37_0	72	81	100	112	0	120	122	141	187	180	232	250
DU37_1	72	91	100	114	0	120	122	141	187	180	232	259
DU38_0	72	91	100	112	0	120	122	141	187	180	232	256
DU38_1	72	91	101	114	0	120	122	141	187	180	232	259
DU39_0	72	81	100	110	0	120	122	141	187	180	235	250
DU39_1	72	85	100	110	0	120	122	141	187	180	235	256
DU40_0	72	81	100	110	0	120	122	141	158	180	232	250
DU40_1	72	91	100	110	0	120	122	141	187	180	232	259
